modelo,tipo_modelo,metodo_busqueda,mean_test_score,std_test_score,rank_test_score,mean_train_score,std_train_score,params
Logistic Regression,classification,GridSearchCV,0.5654712399436104,0.0018136840684937975,1,0.5702660003633108,0.0006168501941251317,"{'modelo__C': 1, 'modelo__class_weight': 'balanced'}"
Logistic Regression,classification,GridSearchCV,0.5654712399436104,0.0018136840684937975,1,0.5702916047394877,0.000618377578090816,"{'modelo__C': 10, 'modelo__class_weight': 'balanced'}"
Logistic Regression,classification,GridSearchCV,0.565452390894813,0.001877330454118878,3,0.5703378245406119,0.00066460448881221,"{'modelo__C': 0.1, 'modelo__class_weight': 'balanced'}"
Logistic Regression,classification,GridSearchCV,0.5653263713102392,0.0018783612190661164,4,0.5702958657653809,0.0007562030409961843,"{'modelo__C': 0.01, 'modelo__class_weight': 'balanced'}"
Logistic Regression,classification,GridSearchCV,0.4526622429114697,0.005687055303984044,5,0.45907813908493333,0.0022045469177024418,"{'modelo__C': 1, 'modelo__class_weight': None}"
Logistic Regression,classification,GridSearchCV,0.4526622429114697,0.005687055303984044,5,0.459093075468203,0.0022512820052983185,"{'modelo__C': 10, 'modelo__class_weight': None}"
Logistic Regression,classification,GridSearchCV,0.45256266467882805,0.006014788773353756,7,0.4588704176280519,0.0023622401277904543,"{'modelo__C': 0.1, 'modelo__class_weight': None}"
Logistic Regression,classification,GridSearchCV,0.44870506780364894,0.0056613230875712465,8,0.45348537158974817,0.0021539611018293867,"{'modelo__C': 0.01, 'modelo__class_weight': None}"
Decision Tree Classifier,classification,GridSearchCV,0.5659430015946476,0.010468062689851763,1,0.5816689725752641,0.005529477220906585,"{'modelo__class_weight': 'balanced', 'modelo__criterion': 'entropy', 'modelo__max_depth': 5, 'modelo__min_samples_leaf': 1, 'modelo__min_samples_split': 25}"
Decision Tree Classifier,classification,GridSearchCV,0.5659430015946476,0.010468062689851763,1,0.5816689725752641,0.005529477220906585,"{'modelo__class_weight': 'balanced', 'modelo__criterion': 'entropy', 'modelo__max_depth': 5, 'modelo__min_samples_leaf': 5, 'modelo__min_samples_split': 25}"
Decision Tree Classifier,classification,GridSearchCV,0.5659430015946476,0.010468062689851763,1,0.5816689725752641,0.005529477220906585,"{'modelo__class_weight': 'balanced', 'modelo__criterion': 'entropy', 'modelo__max_depth': 5, 'modelo__min_samples_leaf': 5, 'modelo__min_samples_split': 10}"
Decision Tree Classifier,classification,GridSearchCV,0.5659430015946476,0.010468062689851763,1,0.5816689725752641,0.005529477220906585,"{'modelo__class_weight': 'balanced', 'modelo__criterion': 'entropy', 'modelo__max_depth': 5, 'modelo__min_samples_leaf': 1, 'modelo__min_samples_split': 2}"
Decision Tree Classifier,classification,GridSearchCV,0.5659430015946476,0.010468062689851763,1,0.5816689725752641,0.005529477220906585,"{'modelo__class_weight': 'balanced', 'modelo__criterion': 'entropy', 'modelo__max_depth': 5, 'modelo__min_samples_leaf': 1, 'modelo__min_samples_split': 10}"
Decision Tree Classifier,classification,GridSearchCV,0.5659430015946476,0.010468062689851763,1,0.5816689725752641,0.005529477220906585,"{'modelo__class_weight': 'balanced', 'modelo__criterion': 'entropy', 'modelo__max_depth': 5, 'modelo__min_samples_leaf': 5, 'modelo__min_samples_split': 2}"
Decision Tree Classifier,classification,GridSearchCV,0.5658449531679255,0.010371731180826724,7,0.58153611448629,0.0053542608266979805,"{'modelo__class_weight': 'balanced', 'modelo__criterion': 'entropy', 'modelo__max_depth': 5, 'modelo__min_samples_leaf': 10, 'modelo__min_samples_split': 10}"
Decision Tree Classifier,classification,GridSearchCV,0.5658449531679255,0.010371731180826724,7,0.58153611448629,0.0053542608266979805,"{'modelo__class_weight': 'balanced', 'modelo__criterion': 'entropy', 'modelo__max_depth': 5, 'modelo__min_samples_leaf': 10, 'modelo__min_samples_split': 2}"
Decision Tree Classifier,classification,GridSearchCV,0.5658449531679255,0.010371731180826724,7,0.58153611448629,0.0053542608266979805,"{'modelo__class_weight': 'balanced', 'modelo__criterion': 'entropy', 'modelo__max_depth': 5, 'modelo__min_samples_leaf': 10, 'modelo__min_samples_split': 25}"
Decision Tree Classifier,classification,GridSearchCV,0.5578726501581546,0.013407681960119898,10,0.5753581850638266,0.012240109036415796,"{'modelo__class_weight': 'balanced', 'modelo__criterion': 'gini', 'modelo__max_depth': 5, 'modelo__min_samples_leaf': 10, 'modelo__min_samples_split': 25}"
Decision Tree Classifier,classification,GridSearchCV,0.5578726501581546,0.013407681960119898,10,0.5753581850638266,0.012240109036415796,"{'modelo__class_weight': 'balanced', 'modelo__criterion': 'gini', 'modelo__max_depth': 5, 'modelo__min_samples_leaf': 10, 'modelo__min_samples_split': 10}"
Decision Tree Classifier,classification,GridSearchCV,0.5578726501581546,0.013407681960119898,10,0.5753581850638266,0.012240109036415796,"{'modelo__class_weight': 'balanced', 'modelo__criterion': 'gini', 'modelo__max_depth': 5, 'modelo__min_samples_leaf': 10, 'modelo__min_samples_split': 2}"
Decision Tree Classifier,classification,GridSearchCV,0.5575615819732279,0.013004222448945212,13,0.5752711171432935,0.011979557147719443,"{'modelo__class_weight': 'balanced', 'modelo__criterion': 'gini', 'modelo__max_depth': 5, 'modelo__min_samples_leaf': 1, 'modelo__min_samples_split': 2}"
Decision Tree Classifier,classification,GridSearchCV,0.5575615819732279,0.013004222448945212,13,0.5752711171432935,0.011979557147719443,"{'modelo__class_weight': 'balanced', 'modelo__criterion': 'gini', 'modelo__max_depth': 5, 'modelo__min_samples_leaf': 1, 'modelo__min_samples_split': 10}"
Decision Tree Classifier,classification,GridSearchCV,0.5575615819732279,0.013004222448945212,13,0.5751834930284687,0.012087411259659692,"{'modelo__class_weight': 'balanced', 'modelo__criterion': 'gini', 'modelo__max_depth': 5, 'modelo__min_samples_leaf': 1, 'modelo__min_samples_split': 25}"
Decision Tree Classifier,classification,GridSearchCV,0.5575615819732279,0.013004222448945212,13,0.5752711171432935,0.011979557147719443,"{'modelo__class_weight': 'balanced', 'modelo__criterion': 'gini', 'modelo__max_depth': 5, 'modelo__min_samples_leaf': 5, 'modelo__min_samples_split': 2}"
Decision Tree Classifier,classification,GridSearchCV,0.5575615819732279,0.013004222448945212,13,0.5752711171432935,0.011979557147719443,"{'modelo__class_weight': 'balanced', 'modelo__criterion': 'gini', 'modelo__max_depth': 5, 'modelo__min_samples_leaf': 5, 'modelo__min_samples_split': 10}"
Decision Tree Classifier,classification,GridSearchCV,0.5575615819732279,0.013004222448945212,13,0.5751834930284687,0.012087411259659692,"{'modelo__class_weight': 'balanced', 'modelo__criterion': 'gini', 'modelo__max_depth': 5, 'modelo__min_samples_leaf': 5, 'modelo__min_samples_split': 25}"
Decision Tree Classifier,classification,GridSearchCV,0.540430519794676,0.012606403291185482,19,0.599946011519488,0.012863847169041076,"{'modelo__class_weight': 'balanced', 'modelo__criterion': 'entropy', 'modelo__max_depth': 7, 'modelo__min_samples_leaf': 5, 'modelo__min_samples_split': 2}"
Decision Tree Classifier,classification,GridSearchCV,0.540430519794676,0.012606403291185482,19,0.599946011519488,0.012863847169041076,"{'modelo__class_weight': 'balanced', 'modelo__criterion': 'entropy', 'modelo__max_depth': 7, 'modelo__min_samples_leaf': 5, 'modelo__min_samples_split': 10}"
Decision Tree Classifier,classification,GridSearchCV,0.5400850441966842,0.008444814144224579,21,0.60067398630239,0.012027024831408053,"{'modelo__class_weight': 'balanced', 'modelo__criterion': 'entropy', 'modelo__max_depth': 7, 'modelo__min_samples_leaf': 10, 'modelo__min_samples_split': 10}"
Decision Tree Classifier,classification,GridSearchCV,0.5400850441966842,0.008444814144224579,21,0.60067398630239,0.012027024831408053,"{'modelo__class_weight': 'balanced', 'modelo__criterion': 'entropy', 'modelo__max_depth': 7, 'modelo__min_samples_leaf': 10, 'modelo__min_samples_split': 2}"
Decision Tree Classifier,classification,GridSearchCV,0.5397910805309775,0.011954863394665685,23,0.6003435954815666,0.012610196315348298,"{'modelo__class_weight': 'balanced', 'modelo__criterion': 'entropy', 'modelo__max_depth': 7, 'modelo__min_samples_leaf': 1, 'modelo__min_samples_split': 2}"
Decision Tree Classifier,classification,GridSearchCV,0.5395872136192286,0.011027997755940924,24,0.5987990431312579,0.012768735965048206,"{'modelo__class_weight': 'balanced', 'modelo__criterion': 'entropy', 'modelo__max_depth': 7, 'modelo__min_samples_leaf': 5, 'modelo__min_samples_split': 25}"
Decision Tree Classifier,classification,GridSearchCV,0.5394484732585586,0.010769734644769002,25,0.5988785663011728,0.012687062504718074,"{'modelo__class_weight': 'balanced', 'modelo__criterion': 'entropy', 'modelo__max_depth': 7, 'modelo__min_samples_leaf': 1, 'modelo__min_samples_split': 25}"
Decision Tree Classifier,classification,GridSearchCV,0.5394135538942134,0.011877739746374034,26,0.600078075312522,0.01268062055433632,"{'modelo__class_weight': 'balanced', 'modelo__criterion': 'entropy', 'modelo__max_depth': 7, 'modelo__min_samples_leaf': 1, 'modelo__min_samples_split': 10}"
Decision Tree Classifier,classification,GridSearchCV,0.5393310333294563,0.007318543372242217,27,0.6000074107954364,0.011880520686570962,"{'modelo__class_weight': 'balanced', 'modelo__criterion': 'entropy', 'modelo__max_depth': 7, 'modelo__min_samples_leaf': 10, 'modelo__min_samples_split': 25}"
Decision Tree Classifier,classification,GridSearchCV,0.5358101883152129,0.008274102444871975,28,0.5400867536081394,0.00523797150382168,"{'modelo__class_weight': 'balanced', 'modelo__criterion': 'entropy', 'modelo__max_depth': 3, 'modelo__min_samples_leaf': 5, 'modelo__min_samples_split': 25}"
Decision Tree Classifier,classification,GridSearchCV,0.5358101883152129,0.008274102444871975,28,0.5400867536081394,0.00523797150382168,"{'modelo__class_weight': 'balanced', 'modelo__criterion': 'entropy', 'modelo__max_depth': 3, 'modelo__min_samples_leaf': 5, 'modelo__min_samples_split': 10}"
Decision Tree Classifier,classification,GridSearchCV,0.5358101883152129,0.008274102444871975,28,0.5400867536081394,0.00523797150382168,"{'modelo__class_weight': 'balanced', 'modelo__criterion': 'entropy', 'modelo__max_depth': 3, 'modelo__min_samples_leaf': 5, 'modelo__min_samples_split': 2}"
Decision Tree Classifier,classification,GridSearchCV,0.5358101883152129,0.008274102444871975,28,0.5400867536081394,0.00523797150382168,"{'modelo__class_weight': 'balanced', 'modelo__criterion': 'entropy', 'modelo__max_depth': 3, 'modelo__min_samples_leaf': 1, 'modelo__min_samples_split': 25}"
Decision Tree Classifier,classification,GridSearchCV,0.5358101883152129,0.008274102444871975,28,0.5400867536081394,0.00523797150382168,"{'modelo__class_weight': 'balanced', 'modelo__criterion': 'entropy', 'modelo__max_depth': 3, 'modelo__min_samples_leaf': 1, 'modelo__min_samples_split': 10}"
Decision Tree Classifier,classification,GridSearchCV,0.5358101883152129,0.008274102444871975,28,0.5400867536081394,0.00523797150382168,"{'modelo__class_weight': 'balanced', 'modelo__criterion': 'gini', 'modelo__max_depth': 3, 'modelo__min_samples_leaf': 10, 'modelo__min_samples_split': 25}"
Decision Tree Classifier,classification,GridSearchCV,0.5358101883152129,0.008274102444871975,28,0.5400867536081394,0.00523797150382168,"{'modelo__class_weight': 'balanced', 'modelo__criterion': 'gini', 'modelo__max_depth': 3, 'modelo__min_samples_leaf': 10, 'modelo__min_samples_split': 10}"
Decision Tree Classifier,classification,GridSearchCV,0.5358101883152129,0.008274102444871975,28,0.5400867536081394,0.00523797150382168,"{'modelo__class_weight': 'balanced', 'modelo__criterion': 'gini', 'modelo__max_depth': 3, 'modelo__min_samples_leaf': 5, 'modelo__min_samples_split': 10}"
Decision Tree Classifier,classification,GridSearchCV,0.5358101883152129,0.008274102444871975,28,0.5400867536081394,0.00523797150382168,"{'modelo__class_weight': 'balanced', 'modelo__criterion': 'gini', 'modelo__max_depth': 3, 'modelo__min_samples_leaf': 5, 'modelo__min_samples_split': 25}"
Decision Tree Classifier,classification,GridSearchCV,0.5358101883152129,0.008274102444871975,28,0.5400867536081394,0.00523797150382168,"{'modelo__class_weight': 'balanced', 'modelo__criterion': 'gini', 'modelo__max_depth': 3, 'modelo__min_samples_leaf': 5, 'modelo__min_samples_split': 2}"
Decision Tree Classifier,classification,GridSearchCV,0.5358101883152129,0.008274102444871975,28,0.5400867536081394,0.00523797150382168,"{'modelo__class_weight': 'balanced', 'modelo__criterion': 'gini', 'modelo__max_depth': 3, 'modelo__min_samples_leaf': 1, 'modelo__min_samples_split': 25}"
Decision Tree Classifier,classification,GridSearchCV,0.5358101883152129,0.008274102444871975,28,0.5400867536081394,0.00523797150382168,"{'modelo__class_weight': 'balanced', 'modelo__criterion': 'gini', 'modelo__max_depth': 3, 'modelo__min_samples_leaf': 1, 'modelo__min_samples_split': 10}"
Decision Tree Classifier,classification,GridSearchCV,0.5358101883152129,0.008274102444871975,28,0.5400867536081394,0.00523797150382168,"{'modelo__class_weight': 'balanced', 'modelo__criterion': 'gini', 'modelo__max_depth': 3, 'modelo__min_samples_leaf': 1, 'modelo__min_samples_split': 2}"
Decision Tree Classifier,classification,GridSearchCV,0.5358101883152129,0.008274102444871975,28,0.5400867536081394,0.00523797150382168,"{'modelo__class_weight': 'balanced', 'modelo__criterion': 'entropy', 'modelo__max_depth': 3, 'modelo__min_samples_leaf': 10, 'modelo__min_samples_split': 2}"
Decision Tree Classifier,classification,GridSearchCV,0.5358101883152129,0.008274102444871975,28,0.5400867536081394,0.00523797150382168,"{'modelo__class_weight': 'balanced', 'modelo__criterion': 'gini', 'modelo__max_depth': 3, 'modelo__min_samples_leaf': 10, 'modelo__min_samples_split': 2}"
Decision Tree Classifier,classification,GridSearchCV,0.5358101883152129,0.008274102444871975,28,0.5400867536081394,0.00523797150382168,"{'modelo__class_weight': 'balanced', 'modelo__criterion': 'entropy', 'modelo__max_depth': 3, 'modelo__min_samples_leaf': 10, 'modelo__min_samples_split': 10}"
Decision Tree Classifier,classification,GridSearchCV,0.5358101883152129,0.008274102444871975,28,0.5400867536081394,0.00523797150382168,"{'modelo__class_weight': 'balanced', 'modelo__criterion': 'entropy', 'modelo__max_depth': 3, 'modelo__min_samples_leaf': 1, 'modelo__min_samples_split': 2}"
Decision Tree Classifier,classification,GridSearchCV,0.5358101883152129,0.008274102444871975,28,0.5400867536081394,0.00523797150382168,"{'modelo__class_weight': 'balanced', 'modelo__criterion': 'entropy', 'modelo__max_depth': 3, 'modelo__min_samples_leaf': 10, 'modelo__min_samples_split': 25}"
Decision Tree Classifier,classification,GridSearchCV,0.53120697446674,0.012897212898691066,46,0.6034167773212455,0.0123535896395223,"{'modelo__class_weight': 'balanced', 'modelo__criterion': 'gini', 'modelo__max_depth': 7, 'modelo__min_samples_leaf': 10, 'modelo__min_samples_split': 10}"
Decision Tree Classifier,classification,GridSearchCV,0.53120697446674,0.012897212898691066,46,0.6034167773212455,0.0123535896395223,"{'modelo__class_weight': 'balanced', 'modelo__criterion': 'gini', 'modelo__max_depth': 7, 'modelo__min_samples_leaf': 10, 'modelo__min_samples_split': 2}"
Decision Tree Classifier,classification,GridSearchCV,0.5307718823490769,0.011651550986486717,48,0.6039084935971852,0.011443141513127027,"{'modelo__class_weight': 'balanced', 'modelo__criterion': 'gini', 'modelo__max_depth': 7, 'modelo__min_samples_leaf': 5, 'modelo__min_samples_split': 25}"
Decision Tree Classifier,classification,GridSearchCV,0.5307556179293211,0.012584269300540296,49,0.6026842598342987,0.01221856134936575,"{'modelo__class_weight': 'balanced', 'modelo__criterion': 'gini', 'modelo__max_depth': 7, 'modelo__min_samples_leaf': 10, 'modelo__min_samples_split': 25}"
Decision Tree Classifier,classification,GridSearchCV,0.5307250023742537,0.011017670411034648,50,0.6054043160832638,0.011720611387104219,"{'modelo__class_weight': 'balanced', 'modelo__criterion': 'gini', 'modelo__max_depth': 7, 'modelo__min_samples_leaf': 5, 'modelo__min_samples_split': 10}"
Decision Tree Classifier,classification,GridSearchCV,0.5307250023742537,0.011017670411034648,50,0.6054043160832638,0.011720611387104219,"{'modelo__class_weight': 'balanced', 'modelo__criterion': 'gini', 'modelo__max_depth': 7, 'modelo__min_samples_leaf': 5, 'modelo__min_samples_split': 2}"
Decision Tree Classifier,classification,GridSearchCV,0.5301396838243038,0.011459837781717648,52,0.604321974733915,0.011126835953830454,"{'modelo__class_weight': 'balanced', 'modelo__criterion': 'gini', 'modelo__max_depth': 7, 'modelo__min_samples_leaf': 1, 'modelo__min_samples_split': 25}"
Decision Tree Classifier,classification,GridSearchCV,0.5295928124380367,0.010688771988165438,53,0.6063227416120045,0.011287251477713865,"{'modelo__class_weight': 'balanced', 'modelo__criterion': 'gini', 'modelo__max_depth': 7, 'modelo__min_samples_leaf': 1, 'modelo__min_samples_split': 2}"
Decision Tree Classifier,classification,GridSearchCV,0.5294027560520697,0.010872715272088664,54,0.6060398723280114,0.011372580409830699,"{'modelo__class_weight': 'balanced', 'modelo__criterion': 'gini', 'modelo__max_depth': 7, 'modelo__min_samples_leaf': 1, 'modelo__min_samples_split': 10}"
Decision Tree Classifier,classification,GridSearchCV,0.5186150586334322,0.009270261415354511,55,0.6581913676353188,0.005748695453446537,"{'modelo__class_weight': 'balanced', 'modelo__criterion': 'entropy', 'modelo__max_depth': 10, 'modelo__min_samples_leaf': 1, 'modelo__min_samples_split': 25}"
Decision Tree Classifier,classification,GridSearchCV,0.5185303105659679,0.006462797410999226,56,0.6705137721803132,0.0061057890682874386,"{'modelo__class_weight': 'balanced', 'modelo__criterion': 'entropy', 'modelo__max_depth': 10, 'modelo__min_samples_leaf': 1, 'modelo__min_samples_split': 10}"
Decision Tree Classifier,classification,GridSearchCV,0.5181420092379658,0.005013579539345999,57,0.6755949933394004,0.006273281468471701,"{'modelo__class_weight': 'balanced', 'modelo__criterion': 'entropy', 'modelo__max_depth': 10, 'modelo__min_samples_leaf': 1, 'modelo__min_samples_split': 2}"
Decision Tree Classifier,classification,GridSearchCV,0.5176988081227523,0.006572344903851138,58,0.6672667254870356,0.005635497518847893,"{'modelo__class_weight': 'balanced', 'modelo__criterion': 'entropy', 'modelo__max_depth': 10, 'modelo__min_samples_leaf': 5, 'modelo__min_samples_split': 2}"
Decision Tree Classifier,classification,GridSearchCV,0.5176988081227523,0.006572344903851138,58,0.6672667254870356,0.005635497518847893,"{'modelo__class_weight': 'balanced', 'modelo__criterion': 'entropy', 'modelo__max_depth': 10, 'modelo__min_samples_leaf': 5, 'modelo__min_samples_split': 10}"
Decision Tree Classifier,classification,GridSearchCV,0.5170140220298747,0.010461550953129313,60,0.6568374703507069,0.005744316975358518,"{'modelo__class_weight': 'balanced', 'modelo__criterion': 'entropy', 'modelo__max_depth': 10, 'modelo__min_samples_leaf': 5, 'modelo__min_samples_split': 25}"
Decision Tree Classifier,classification,GridSearchCV,0.5136608973105297,0.007331260298848566,61,0.6623266723506189,0.0029107305931431178,"{'modelo__class_weight': 'balanced', 'modelo__criterion': 'entropy', 'modelo__max_depth': 10, 'modelo__min_samples_leaf': 10, 'modelo__min_samples_split': 10}"
Decision Tree Classifier,classification,GridSearchCV,0.5136608973105297,0.007331260298848566,61,0.6623266723506189,0.0029107305931431178,"{'modelo__class_weight': 'balanced', 'modelo__criterion': 'entropy', 'modelo__max_depth': 10, 'modelo__min_samples_leaf': 10, 'modelo__min_samples_split': 2}"
Decision Tree Classifier,classification,GridSearchCV,0.5116096357887165,0.009624001023472472,63,0.659319307191142,0.003213326955309645,"{'modelo__class_weight': 'balanced', 'modelo__criterion': 'entropy', 'modelo__max_depth': 10, 'modelo__min_samples_leaf': 10, 'modelo__min_samples_split': 25}"
Decision Tree Classifier,classification,GridSearchCV,0.5072310939024459,0.018155042547306852,64,0.6681805589053862,0.004960325484371578,"{'modelo__class_weight': 'balanced', 'modelo__criterion': 'gini', 'modelo__max_depth': 10, 'modelo__min_samples_leaf': 10, 'modelo__min_samples_split': 25}"
Decision Tree Classifier,classification,GridSearchCV,0.5070540281795949,0.01696791875723423,65,0.6722899472785283,0.005031544297522359,"{'modelo__class_weight': 'balanced', 'modelo__criterion': 'gini', 'modelo__max_depth': 10, 'modelo__min_samples_leaf': 10, 'modelo__min_samples_split': 10}"
Decision Tree Classifier,classification,GridSearchCV,0.5070540281795949,0.01696791875723423,65,0.6722899472785283,0.005031544297522359,"{'modelo__class_weight': 'balanced', 'modelo__criterion': 'gini', 'modelo__max_depth': 10, 'modelo__min_samples_leaf': 10, 'modelo__min_samples_split': 2}"
Decision Tree Classifier,classification,GridSearchCV,0.5050293683957447,0.017673945053802004,67,0.6763080768206575,0.007008221711867506,"{'modelo__class_weight': 'balanced', 'modelo__criterion': 'gini', 'modelo__max_depth': 10, 'modelo__min_samples_leaf': 1, 'modelo__min_samples_split': 25}"
Decision Tree Classifier,classification,GridSearchCV,0.5037400858697889,0.015818253982084432,68,0.6725623130048659,0.006357513321319523,"{'modelo__class_weight': 'balanced', 'modelo__criterion': 'gini', 'modelo__max_depth': 10, 'modelo__min_samples_leaf': 5, 'modelo__min_samples_split': 25}"
Decision Tree Classifier,classification,GridSearchCV,0.5036809154231593,0.015549181722388188,69,0.6953387199236138,0.008849761543925501,"{'modelo__class_weight': 'balanced', 'modelo__criterion': 'gini', 'modelo__max_depth': 10, 'modelo__min_samples_leaf': 1, 'modelo__min_samples_split': 10}"
Decision Tree Classifier,classification,GridSearchCV,0.5007442830145005,0.01174431641108053,70,0.6872342947924995,0.00764017154386302,"{'modelo__class_weight': 'balanced', 'modelo__criterion': 'gini', 'modelo__max_depth': 10, 'modelo__min_samples_leaf': 5, 'modelo__min_samples_split': 10}"
Decision Tree Classifier,classification,GridSearchCV,0.5007442830145005,0.01174431641108053,70,0.6872342947924995,0.00764017154386302,"{'modelo__class_weight': 'balanced', 'modelo__criterion': 'gini', 'modelo__max_depth': 10, 'modelo__min_samples_leaf': 5, 'modelo__min_samples_split': 2}"
Decision Tree Classifier,classification,GridSearchCV,0.5007150735516219,0.015669051390580575,72,0.7037130738786047,0.008765143862676066,"{'modelo__class_weight': 'balanced', 'modelo__criterion': 'gini', 'modelo__max_depth': 10, 'modelo__min_samples_leaf': 1, 'modelo__min_samples_split': 2}"
Decision Tree Classifier,classification,GridSearchCV,0.49405828285198794,0.00983499392353098,73,0.7443862038076492,0.001615375426297557,"{'modelo__class_weight': 'balanced', 'modelo__criterion': 'gini', 'modelo__max_depth': None, 'modelo__min_samples_leaf': 10, 'modelo__min_samples_split': 25}"
Decision Tree Classifier,classification,GridSearchCV,0.4867462418976144,0.005981770532333103,74,0.7590742044793165,0.0014414898819977713,"{'modelo__class_weight': 'balanced', 'modelo__criterion': 'gini', 'modelo__max_depth': None, 'modelo__min_samples_leaf': 10, 'modelo__min_samples_split': 2}"
Decision Tree Classifier,classification,GridSearchCV,0.4867462418976144,0.005981770532333103,74,0.7590742044793165,0.0014414898819977713,"{'modelo__class_weight': 'balanced', 'modelo__criterion': 'gini', 'modelo__max_depth': None, 'modelo__min_samples_leaf': 10, 'modelo__min_samples_split': 10}"
Decision Tree Classifier,classification,GridSearchCV,0.48538261588984566,0.009347261579068074,76,0.752795974105214,0.0010617635268319826,"{'modelo__class_weight': 'balanced', 'modelo__criterion': 'entropy', 'modelo__max_depth': None, 'modelo__min_samples_leaf': 10, 'modelo__min_samples_split': 25}"
Decision Tree Classifier,classification,GridSearchCV,0.4846882694885511,0.00929398222438484,77,0.7673092997621429,0.0012073378884780272,"{'modelo__class_weight': 'balanced', 'modelo__criterion': 'entropy', 'modelo__max_depth': None, 'modelo__min_samples_leaf': 10, 'modelo__min_samples_split': 2}"
Decision Tree Classifier,classification,GridSearchCV,0.4846882694885511,0.00929398222438484,77,0.7673092997621429,0.0012073378884780272,"{'modelo__class_weight': 'balanced', 'modelo__criterion': 'entropy', 'modelo__max_depth': None, 'modelo__min_samples_leaf': 10, 'modelo__min_samples_split': 10}"
Decision Tree Classifier,classification,GridSearchCV,0.4845547633181102,0.011593758947786638,79,0.7639748922071338,0.0015627691253239037,"{'modelo__class_weight': 'balanced', 'modelo__criterion': 'gini', 'modelo__max_depth': None, 'modelo__min_samples_leaf': 5, 'modelo__min_samples_split': 25}"
Decision Tree Classifier,classification,GridSearchCV,0.48044853129577725,0.01513496367602287,80,0.7827914362983623,0.0029995119924623986,"{'modelo__class_weight': 'balanced', 'modelo__criterion': 'gini', 'modelo__max_depth': None, 'modelo__min_samples_leaf': 1, 'modelo__min_samples_split': 25}"
Decision Tree Classifier,classification,GridSearchCV,0.47848585829085943,0.006580122819251117,81,0.8417097848346655,0.001546709079501902,"{'modelo__class_weight': 'balanced', 'modelo__criterion': 'gini', 'modelo__max_depth': None, 'modelo__min_samples_leaf': 5, 'modelo__min_samples_split': 2}"
Decision Tree Classifier,classification,GridSearchCV,0.47848585829085943,0.006580122819251117,81,0.8417097848346655,0.001546709079501902,"{'modelo__class_weight': 'balanced', 'modelo__criterion': 'gini', 'modelo__max_depth': None, 'modelo__min_samples_leaf': 5, 'modelo__min_samples_split': 10}"
Decision Tree Classifier,classification,GridSearchCV,0.47559579783018346,0.004304442621191972,83,0.7785642455174863,0.002720425057501533,"{'modelo__class_weight': 'balanced', 'modelo__criterion': 'entropy', 'modelo__max_depth': None, 'modelo__min_samples_leaf': 5, 'modelo__min_samples_split': 25}"
Decision Tree Classifier,classification,GridSearchCV,0.47036960750749623,0.00957661511741156,84,0.7939758222484576,0.003104684890891087,"{'modelo__class_weight': 'balanced', 'modelo__criterion': 'entropy', 'modelo__max_depth': None, 'modelo__min_samples_leaf': 1, 'modelo__min_samples_split': 25}"
Decision Tree Classifier,classification,GridSearchCV,0.46959386470767817,0.011978756633193416,85,0.8961014279124111,0.0019886207580609673,"{'modelo__class_weight': 'balanced', 'modelo__criterion': 'gini', 'modelo__max_depth': None, 'modelo__min_samples_leaf': 1, 'modelo__min_samples_split': 10}"
Decision Tree Classifier,classification,GridSearchCV,0.4639801503679412,0.0033304330734677686,86,0.8639634812778801,0.0018851242542581921,"{'modelo__class_weight': 'balanced', 'modelo__criterion': 'entropy', 'modelo__max_depth': None, 'modelo__min_samples_leaf': 5, 'modelo__min_samples_split': 10}"
Decision Tree Classifier,classification,GridSearchCV,0.4639801503679412,0.0033304330734677686,86,0.8639634812778801,0.0018851242542581921,"{'modelo__class_weight': 'balanced', 'modelo__criterion': 'entropy', 'modelo__max_depth': None, 'modelo__min_samples_leaf': 5, 'modelo__min_samples_split': 2}"
Decision Tree Classifier,classification,GridSearchCV,0.45822025621721174,0.007751089840886135,88,0.9105642563757603,0.0027165253120380963,"{'modelo__class_weight': 'balanced', 'modelo__criterion': 'entropy', 'modelo__max_depth': None, 'modelo__min_samples_leaf': 1, 'modelo__min_samples_split': 10}"
Decision Tree Classifier,classification,GridSearchCV,0.4512358240809299,0.00789072475326976,89,1.0,0.0,"{'modelo__class_weight': None, 'modelo__criterion': 'entropy', 'modelo__max_depth': None, 'modelo__min_samples_leaf': 1, 'modelo__min_samples_split': 2}"
Decision Tree Classifier,classification,GridSearchCV,0.45003026118310013,0.01597919167538177,90,1.0,0.0,"{'modelo__class_weight': 'balanced', 'modelo__criterion': 'gini', 'modelo__max_depth': None, 'modelo__min_samples_leaf': 1, 'modelo__min_samples_split': 2}"
Decision Tree Classifier,classification,GridSearchCV,0.44861691895509576,0.00580911970516486,91,0.7459848776577025,0.004479393128026349,"{'modelo__class_weight': None, 'modelo__criterion': 'gini', 'modelo__max_depth': None, 'modelo__min_samples_leaf': 5, 'modelo__min_samples_split': 25}"
Decision Tree Classifier,classification,GridSearchCV,0.4481435142659415,0.0057176198026759675,92,0.8634970573557801,0.0027378942619016135,"{'modelo__class_weight': None, 'modelo__criterion': 'entropy', 'modelo__max_depth': None, 'modelo__min_samples_leaf': 5, 'modelo__min_samples_split': 2}"
Decision Tree Classifier,classification,GridSearchCV,0.4481435142659415,0.0057176198026759675,92,0.8634970573557801,0.0027378942619016135,"{'modelo__class_weight': None, 'modelo__criterion': 'entropy', 'modelo__max_depth': None, 'modelo__min_samples_leaf': 5, 'modelo__min_samples_split': 10}"
Decision Tree Classifier,classification,GridSearchCV,0.4481386519130222,0.005471822923139201,94,0.7790700950619849,0.005711997109967553,"{'modelo__class_weight': None, 'modelo__criterion': 'entropy', 'modelo__max_depth': None, 'modelo__min_samples_leaf': 1, 'modelo__min_samples_split': 25}"
Decision Tree Classifier,classification,GridSearchCV,0.44774064973805955,0.007482781433922419,95,1.0,0.0,"{'modelo__class_weight': None, 'modelo__criterion': 'gini', 'modelo__max_depth': None, 'modelo__min_samples_leaf': 1, 'modelo__min_samples_split': 2}"
Decision Tree Classifier,classification,GridSearchCV,0.4469883341176743,0.0038923861687864612,96,0.7638665846316205,0.006124950828182287,"{'modelo__class_weight': None, 'modelo__criterion': 'entropy', 'modelo__max_depth': None, 'modelo__min_samples_leaf': 5, 'modelo__min_samples_split': 25}"
Decision Tree Classifier,classification,GridSearchCV,0.4466944902092355,0.010873902113543723,97,0.7665816975868013,0.005115411473452169,"{'modelo__class_weight': None, 'modelo__criterion': 'gini', 'modelo__max_depth': None, 'modelo__min_samples_leaf': 1, 'modelo__min_samples_split': 25}"
Decision Tree Classifier,classification,GridSearchCV,0.4464190911268783,0.008694385414993285,98,1.0,0.0,"{'modelo__class_weight': 'balanced', 'modelo__criterion': 'entropy', 'modelo__max_depth': None, 'modelo__min_samples_leaf': 1, 'modelo__min_samples_split': 2}"
Decision Tree Classifier,classification,GridSearchCV,0.4450585635193437,0.02409935098683983,99,0.6027164948048815,0.014127854306646275,"{'modelo__class_weight': None, 'modelo__criterion': 'entropy', 'modelo__max_depth': 10, 'modelo__min_samples_leaf': 1, 'modelo__min_samples_split': 25}"
Decision Tree Classifier,classification,GridSearchCV,0.4447948844843679,0.0071358908730031565,100,0.9080705180064754,0.0021056950077364845,"{'modelo__class_weight': None, 'modelo__criterion': 'entropy', 'modelo__max_depth': None, 'modelo__min_samples_leaf': 1, 'modelo__min_samples_split': 10}"
Decision Tree Classifier,classification,GridSearchCV,0.44461503323678553,0.007674814129555945,101,0.7164482215963399,0.005189980865344847,"{'modelo__class_weight': None, 'modelo__criterion': 'gini', 'modelo__max_depth': None, 'modelo__min_samples_leaf': 10, 'modelo__min_samples_split': 25}"
Decision Tree Classifier,classification,GridSearchCV,0.4442525228331132,0.006686621414464939,102,0.8381857867140466,0.0018524219829646649,"{'modelo__class_weight': None, 'modelo__criterion': 'gini', 'modelo__max_depth': None, 'modelo__min_samples_leaf': 5, 'modelo__min_samples_split': 2}"
Decision Tree Classifier,classification,GridSearchCV,0.4442525228331132,0.006686621414464939,102,0.8381857867140466,0.0018524219829646649,"{'modelo__class_weight': None, 'modelo__criterion': 'gini', 'modelo__max_depth': None, 'modelo__min_samples_leaf': 5, 'modelo__min_samples_split': 10}"
Decision Tree Classifier,classification,GridSearchCV,0.4439591945393905,0.005452954871139465,104,0.7334900896599048,0.004078864031352087,"{'modelo__class_weight': None, 'modelo__criterion': 'gini', 'modelo__max_depth': None, 'modelo__min_samples_leaf': 10, 'modelo__min_samples_split': 10}"
Decision Tree Classifier,classification,GridSearchCV,0.4439591945393905,0.005452954871139465,104,0.7334900896599048,0.004078864031352087,"{'modelo__class_weight': None, 'modelo__criterion': 'gini', 'modelo__max_depth': None, 'modelo__min_samples_leaf': 10, 'modelo__min_samples_split': 2}"
Decision Tree Classifier,classification,GridSearchCV,0.4434851872875125,0.0051626017823979435,106,0.892053743197291,0.0018877084348125116,"{'modelo__class_weight': None, 'modelo__criterion': 'gini', 'modelo__max_depth': None, 'modelo__min_samples_leaf': 1, 'modelo__min_samples_split': 10}"
Decision Tree Classifier,classification,GridSearchCV,0.4427639460500723,0.015404706139489115,107,0.7337078432671251,0.002859364325502201,"{'modelo__class_weight': None, 'modelo__criterion': 'entropy', 'modelo__max_depth': None, 'modelo__min_samples_leaf': 10, 'modelo__min_samples_split': 25}"
Decision Tree Classifier,classification,GridSearchCV,0.4419764966943459,0.020456642425328936,108,0.6240131920612642,0.014424531982206354,"{'modelo__class_weight': None, 'modelo__criterion': 'entropy', 'modelo__max_depth': 10, 'modelo__min_samples_leaf': 1, 'modelo__min_samples_split': 2}"
Decision Tree Classifier,classification,GridSearchCV,0.4410688777719346,0.020430915107615542,109,0.6155101387638864,0.014680373672248732,"{'modelo__class_weight': None, 'modelo__criterion': 'entropy', 'modelo__max_depth': 10, 'modelo__min_samples_leaf': 1, 'modelo__min_samples_split': 10}"
Decision Tree Classifier,classification,GridSearchCV,0.4395789521823751,0.018382445611344143,110,0.5983694061955239,0.011510315180348426,"{'modelo__class_weight': None, 'modelo__criterion': 'entropy', 'modelo__max_depth': 10, 'modelo__min_samples_leaf': 5, 'modelo__min_samples_split': 25}"
Decision Tree Classifier,classification,GridSearchCV,0.43921715124397365,0.014453326731530233,111,0.6018858155044617,0.013880413664553379,"{'modelo__class_weight': None, 'modelo__criterion': 'entropy', 'modelo__max_depth': 10, 'modelo__min_samples_leaf': 10, 'modelo__min_samples_split': 25}"
Decision Tree Classifier,classification,GridSearchCV,0.4378580128229494,0.011782913674276101,112,0.617895042397583,0.013884569151985708,"{'modelo__class_weight': None, 'modelo__criterion': 'gini', 'modelo__max_depth': 10, 'modelo__min_samples_leaf': 5, 'modelo__min_samples_split': 25}"
Decision Tree Classifier,classification,GridSearchCV,0.43766461119923494,0.006428511470411124,113,0.6605498780596399,0.013116107501470957,"{'modelo__class_weight': None, 'modelo__criterion': 'gini', 'modelo__max_depth': 10, 'modelo__min_samples_leaf': 1, 'modelo__min_samples_split': 2}"
Decision Tree Classifier,classification,GridSearchCV,0.4366664804946089,0.008943230161820333,114,0.6377058719201891,0.012537053873700589,"{'modelo__class_weight': None, 'modelo__criterion': 'gini', 'modelo__max_depth': 10, 'modelo__min_samples_leaf': 5, 'modelo__min_samples_split': 2}"
Decision Tree Classifier,classification,GridSearchCV,0.4366664804946089,0.008943230161820333,114,0.6377058719201891,0.012537053873700589,"{'modelo__class_weight': None, 'modelo__criterion': 'gini', 'modelo__max_depth': 10, 'modelo__min_samples_leaf': 5, 'modelo__min_samples_split': 10}"
Decision Tree Classifier,classification,GridSearchCV,0.4363117655009222,0.006135511162032991,116,0.6084184122774486,0.01255144751828432,"{'modelo__class_weight': None, 'modelo__criterion': 'gini', 'modelo__max_depth': 10, 'modelo__min_samples_leaf': 10, 'modelo__min_samples_split': 25}"
Decision Tree Classifier,classification,GridSearchCV,0.4355061694727958,0.01673254484141549,117,0.7480922663160021,0.0025229474620303365,"{'modelo__class_weight': None, 'modelo__criterion': 'entropy', 'modelo__max_depth': None, 'modelo__min_samples_leaf': 10, 'modelo__min_samples_split': 10}"
Decision Tree Classifier,classification,GridSearchCV,0.4355061694727958,0.01673254484141549,117,0.7480922663160021,0.0025229474620303365,"{'modelo__class_weight': None, 'modelo__criterion': 'entropy', 'modelo__max_depth': None, 'modelo__min_samples_leaf': 10, 'modelo__min_samples_split': 2}"
Decision Tree Classifier,classification,GridSearchCV,0.4355022895740085,0.012666793170317466,119,0.6213835980312864,0.01193718532272082,"{'modelo__class_weight': None, 'modelo__criterion': 'gini', 'modelo__max_depth': 10, 'modelo__min_samples_leaf': 1, 'modelo__min_samples_split': 25}"
Decision Tree Classifier,classification,GridSearchCV,0.43537234466897373,0.009087486832306828,120,0.6467369378907053,0.012863134409223353,"{'modelo__class_weight': None, 'modelo__criterion': 'gini', 'modelo__max_depth': 10, 'modelo__min_samples_leaf': 1, 'modelo__min_samples_split': 10}"
Decision Tree Classifier,classification,GridSearchCV,0.4353539203063031,0.016641878116612177,121,0.6096505812180923,0.00995719375789761,"{'modelo__class_weight': None, 'modelo__criterion': 'entropy', 'modelo__max_depth': 10, 'modelo__min_samples_leaf': 5, 'modelo__min_samples_split': 10}"
Decision Tree Classifier,classification,GridSearchCV,0.4353539203063031,0.016641878116612177,121,0.6096505812180923,0.00995719375789761,"{'modelo__class_weight': None, 'modelo__criterion': 'entropy', 'modelo__max_depth': 10, 'modelo__min_samples_leaf': 5, 'modelo__min_samples_split': 2}"
Decision Tree Classifier,classification,GridSearchCV,0.43480486460322004,0.008972551933276863,123,0.6109030158796094,0.012948862208404834,"{'modelo__class_weight': None, 'modelo__criterion': 'gini', 'modelo__max_depth': 10, 'modelo__min_samples_leaf': 10, 'modelo__min_samples_split': 2}"
Decision Tree Classifier,classification,GridSearchCV,0.43480486460322004,0.008972551933276863,123,0.6109030158796094,0.012948862208404834,"{'modelo__class_weight': None, 'modelo__criterion': 'gini', 'modelo__max_depth': 10, 'modelo__min_samples_leaf': 10, 'modelo__min_samples_split': 10}"
Decision Tree Classifier,classification,GridSearchCV,0.43408015579520853,0.011794236572120453,125,0.6042998268411097,0.012998781447598817,"{'modelo__class_weight': None, 'modelo__criterion': 'entropy', 'modelo__max_depth': 10, 'modelo__min_samples_leaf': 10, 'modelo__min_samples_split': 2}"
Decision Tree Classifier,classification,GridSearchCV,0.43408015579520853,0.011794236572120453,125,0.6042998268411097,0.012998781447598817,"{'modelo__class_weight': None, 'modelo__criterion': 'entropy', 'modelo__max_depth': 10, 'modelo__min_samples_leaf': 10, 'modelo__min_samples_split': 10}"
Decision Tree Classifier,classification,GridSearchCV,0.4252300838647349,0.019721610341980347,127,0.48454819556896284,0.01859635057093992,"{'modelo__class_weight': None, 'modelo__criterion': 'entropy', 'modelo__max_depth': 7, 'modelo__min_samples_leaf': 5, 'modelo__min_samples_split': 25}"
Decision Tree Classifier,classification,GridSearchCV,0.42504007681418915,0.01840200379036914,128,0.4900698316839243,0.016757864579430876,"{'modelo__class_weight': None, 'modelo__criterion': 'entropy', 'modelo__max_depth': 7, 'modelo__min_samples_leaf': 10, 'modelo__min_samples_split': 25}"
Decision Tree Classifier,classification,GridSearchCV,0.424930398808013,0.019768317424992625,129,0.4844821731921776,0.018740217915956172,"{'modelo__class_weight': None, 'modelo__criterion': 'entropy', 'modelo__max_depth': 7, 'modelo__min_samples_leaf': 1, 'modelo__min_samples_split': 25}"
Decision Tree Classifier,classification,GridSearchCV,0.42422805917596645,0.019383762825977945,130,0.4902982516707405,0.01628687854038543,"{'modelo__class_weight': None, 'modelo__criterion': 'entropy', 'modelo__max_depth': 7, 'modelo__min_samples_leaf': 10, 'modelo__min_samples_split': 10}"
Decision Tree Classifier,classification,GridSearchCV,0.42422805917596645,0.019383762825977945,130,0.4902982516707405,0.01628687854038543,"{'modelo__class_weight': None, 'modelo__criterion': 'entropy', 'modelo__max_depth': 7, 'modelo__min_samples_leaf': 10, 'modelo__min_samples_split': 2}"
Decision Tree Classifier,classification,GridSearchCV,0.42364141613924994,0.020322694073129123,132,0.4854643276635319,0.018755741212480484,"{'modelo__class_weight': None, 'modelo__criterion': 'entropy', 'modelo__max_depth': 7, 'modelo__min_samples_leaf': 1, 'modelo__min_samples_split': 2}"
Decision Tree Classifier,classification,GridSearchCV,0.4231713516476863,0.01998351813741632,133,0.484746047685472,0.018532584622149514,"{'modelo__class_weight': None, 'modelo__criterion': 'entropy', 'modelo__max_depth': 7, 'modelo__min_samples_leaf': 5, 'modelo__min_samples_split': 10}"
Decision Tree Classifier,classification,GridSearchCV,0.4231713516476863,0.01998351813741632,133,0.484746047685472,0.018532584622149514,"{'modelo__class_weight': None, 'modelo__criterion': 'entropy', 'modelo__max_depth': 7, 'modelo__min_samples_leaf': 5, 'modelo__min_samples_split': 2}"
Decision Tree Classifier,classification,GridSearchCV,0.42274300340897575,0.020393008828114813,135,0.48479401462411886,0.018719160456213437,"{'modelo__class_weight': None, 'modelo__criterion': 'entropy', 'modelo__max_depth': 7, 'modelo__min_samples_leaf': 1, 'modelo__min_samples_split': 10}"
Decision Tree Classifier,classification,GridSearchCV,0.42145063335697286,0.029107853026636286,136,0.49667655889517626,0.023446755369305905,"{'modelo__class_weight': None, 'modelo__criterion': 'gini', 'modelo__max_depth': 7, 'modelo__min_samples_leaf': 10, 'modelo__min_samples_split': 25}"
Decision Tree Classifier,classification,GridSearchCV,0.4212916970718029,0.030926426087513045,137,0.4974351791566819,0.023090854669756626,"{'modelo__class_weight': None, 'modelo__criterion': 'gini', 'modelo__max_depth': 7, 'modelo__min_samples_leaf': 10, 'modelo__min_samples_split': 2}"
Decision Tree Classifier,classification,GridSearchCV,0.4212916970718029,0.030926426087513045,137,0.4974351791566819,0.023090854669756626,"{'modelo__class_weight': None, 'modelo__criterion': 'gini', 'modelo__max_depth': 7, 'modelo__min_samples_leaf': 10, 'modelo__min_samples_split': 10}"
Decision Tree Classifier,classification,GridSearchCV,0.41815227214312634,0.02465370451948919,139,0.4944280198811861,0.020803404408280077,"{'modelo__class_weight': None, 'modelo__criterion': 'gini', 'modelo__max_depth': 7, 'modelo__min_samples_leaf': 5, 'modelo__min_samples_split': 25}"
Decision Tree Classifier,classification,GridSearchCV,0.4170542824144798,0.02393697605636612,140,0.49490747399174656,0.021051042320785914,"{'modelo__class_weight': None, 'modelo__criterion': 'gini', 'modelo__max_depth': 7, 'modelo__min_samples_leaf': 1, 'modelo__min_samples_split': 25}"
Decision Tree Classifier,classification,GridSearchCV,0.4170220250092572,0.02580800751397962,141,0.49647560677958313,0.02082586972196795,"{'modelo__class_weight': None, 'modelo__criterion': 'gini', 'modelo__max_depth': 7, 'modelo__min_samples_leaf': 5, 'modelo__min_samples_split': 10}"
Decision Tree Classifier,classification,GridSearchCV,0.4170220250092572,0.02580800751397962,141,0.49647560677958313,0.02082586972196795,"{'modelo__class_weight': None, 'modelo__criterion': 'gini', 'modelo__max_depth': 7, 'modelo__min_samples_leaf': 5, 'modelo__min_samples_split': 2}"
Decision Tree Classifier,classification,GridSearchCV,0.41701886023171564,0.025220865696729763,143,0.4971534295879335,0.020386485050482538,"{'modelo__class_weight': None, 'modelo__criterion': 'gini', 'modelo__max_depth': 7, 'modelo__min_samples_leaf': 1, 'modelo__min_samples_split': 10}"
Decision Tree Classifier,classification,GridSearchCV,0.4169681916877398,0.02550394946512994,144,0.4975939355006093,0.020426585537811365,"{'modelo__class_weight': None, 'modelo__criterion': 'gini', 'modelo__max_depth': 7, 'modelo__min_samples_leaf': 1, 'modelo__min_samples_split': 2}"
Decision Tree Classifier,classification,GridSearchCV,0.4165253842072995,0.02527403975858348,145,0.44375778800051036,0.030664376015202666,"{'modelo__class_weight': None, 'modelo__criterion': 'gini', 'modelo__max_depth': 5, 'modelo__min_samples_leaf': 10, 'modelo__min_samples_split': 25}"
Decision Tree Classifier,classification,GridSearchCV,0.4164842017744473,0.02533577746741737,146,0.44401744389118203,0.030188562083313233,"{'modelo__class_weight': None, 'modelo__criterion': 'gini', 'modelo__max_depth': 5, 'modelo__min_samples_leaf': 10, 'modelo__min_samples_split': 2}"
Decision Tree Classifier,classification,GridSearchCV,0.4164842017744473,0.02533577746741737,146,0.44401744389118203,0.030188562083313233,"{'modelo__class_weight': None, 'modelo__criterion': 'gini', 'modelo__max_depth': 5, 'modelo__min_samples_leaf': 10, 'modelo__min_samples_split': 10}"
Decision Tree Classifier,classification,GridSearchCV,0.41602372954433975,0.024492933571263226,148,0.44362364256867315,0.02986883778546452,"{'modelo__class_weight': None, 'modelo__criterion': 'gini', 'modelo__max_depth': 5, 'modelo__min_samples_leaf': 1, 'modelo__min_samples_split': 2}"
Decision Tree Classifier,classification,GridSearchCV,0.41602372954433975,0.024492933571263226,148,0.44362364256867315,0.02986883778546452,"{'modelo__class_weight': None, 'modelo__criterion': 'gini', 'modelo__max_depth': 5, 'modelo__min_samples_leaf': 1, 'modelo__min_samples_split': 10}"
Decision Tree Classifier,classification,GridSearchCV,0.41602372954433975,0.024492933571263226,148,0.4434103267178798,0.030262617054237283,"{'modelo__class_weight': None, 'modelo__criterion': 'gini', 'modelo__max_depth': 5, 'modelo__min_samples_leaf': 1, 'modelo__min_samples_split': 25}"
Decision Tree Classifier,classification,GridSearchCV,0.41602372954433975,0.024492933571263226,148,0.44362364256867315,0.02986883778546452,"{'modelo__class_weight': None, 'modelo__criterion': 'gini', 'modelo__max_depth': 5, 'modelo__min_samples_leaf': 5, 'modelo__min_samples_split': 2}"
Decision Tree Classifier,classification,GridSearchCV,0.41602372954433975,0.024492933571263226,148,0.4434103267178798,0.030262617054237283,"{'modelo__class_weight': None, 'modelo__criterion': 'gini', 'modelo__max_depth': 5, 'modelo__min_samples_leaf': 5, 'modelo__min_samples_split': 25}"
Decision Tree Classifier,classification,GridSearchCV,0.41602372954433975,0.024492933571263226,148,0.44362364256867315,0.02986883778546452,"{'modelo__class_weight': None, 'modelo__criterion': 'gini', 'modelo__max_depth': 5, 'modelo__min_samples_leaf': 5, 'modelo__min_samples_split': 10}"
Decision Tree Classifier,classification,GridSearchCV,0.4093808035534415,0.02239012417884385,154,0.43215255263888935,0.026754838497115005,"{'modelo__class_weight': None, 'modelo__criterion': 'entropy', 'modelo__max_depth': 5, 'modelo__min_samples_leaf': 5, 'modelo__min_samples_split': 2}"
Decision Tree Classifier,classification,GridSearchCV,0.4093808035534415,0.02239012417884385,154,0.43215255263888935,0.026754838497115005,"{'modelo__class_weight': None, 'modelo__criterion': 'entropy', 'modelo__max_depth': 5, 'modelo__min_samples_leaf': 5, 'modelo__min_samples_split': 10}"
Decision Tree Classifier,classification,GridSearchCV,0.4093808035534415,0.02239012417884385,154,0.43215255263888935,0.026754838497115005,"{'modelo__class_weight': None, 'modelo__criterion': 'entropy', 'modelo__max_depth': 5, 'modelo__min_samples_leaf': 5, 'modelo__min_samples_split': 25}"
Decision Tree Classifier,classification,GridSearchCV,0.40933890407478,0.02239777130332205,157,0.4322600703377749,0.0268007412496585,"{'modelo__class_weight': None, 'modelo__criterion': 'entropy', 'modelo__max_depth': 5, 'modelo__min_samples_leaf': 10, 'modelo__min_samples_split': 25}"
Decision Tree Classifier,classification,GridSearchCV,0.40933890407478,0.02239777130332205,157,0.4322600703377749,0.0268007412496585,"{'modelo__class_weight': None, 'modelo__criterion': 'entropy', 'modelo__max_depth': 5, 'modelo__min_samples_leaf': 10, 'modelo__min_samples_split': 10}"
Decision Tree Classifier,classification,GridSearchCV,0.40933890407478,0.02239777130332205,157,0.4322600703377749,0.0268007412496585,"{'modelo__class_weight': None, 'modelo__criterion': 'entropy', 'modelo__max_depth': 5, 'modelo__min_samples_leaf': 10, 'modelo__min_samples_split': 2}"
Decision Tree Classifier,classification,GridSearchCV,0.40922737461536746,0.022168087671035095,160,0.4321259607626291,0.02672833811235087,"{'modelo__class_weight': None, 'modelo__criterion': 'entropy', 'modelo__max_depth': 5, 'modelo__min_samples_leaf': 1, 'modelo__min_samples_split': 25}"
Decision Tree Classifier,classification,GridSearchCV,0.40922737461536746,0.022168087671035095,160,0.4321259607626291,0.02672833811235087,"{'modelo__class_weight': None, 'modelo__criterion': 'entropy', 'modelo__max_depth': 5, 'modelo__min_samples_leaf': 1, 'modelo__min_samples_split': 10}"
Decision Tree Classifier,classification,GridSearchCV,0.40922737461536746,0.022168087671035095,160,0.4321259607626291,0.02672833811235087,"{'modelo__class_weight': None, 'modelo__criterion': 'entropy', 'modelo__max_depth': 5, 'modelo__min_samples_leaf': 1, 'modelo__min_samples_split': 2}"
Decision Tree Classifier,classification,GridSearchCV,0.3880821231889083,0.04161840694278138,163,0.39428187938290504,0.0398761611753588,"{'modelo__class_weight': None, 'modelo__criterion': 'gini', 'modelo__max_depth': 3, 'modelo__min_samples_leaf': 1, 'modelo__min_samples_split': 10}"
Decision Tree Classifier,classification,GridSearchCV,0.3880821231889083,0.04161840694278138,163,0.39428187938290504,0.0398761611753588,"{'modelo__class_weight': None, 'modelo__criterion': 'gini', 'modelo__max_depth': 3, 'modelo__min_samples_leaf': 1, 'modelo__min_samples_split': 25}"
Decision Tree Classifier,classification,GridSearchCV,0.3880821231889083,0.04161840694278138,163,0.39428187938290504,0.0398761611753588,"{'modelo__class_weight': None, 'modelo__criterion': 'gini', 'modelo__max_depth': 3, 'modelo__min_samples_leaf': 5, 'modelo__min_samples_split': 2}"
Decision Tree Classifier,classification,GridSearchCV,0.3880821231889083,0.04161840694278138,163,0.39428187938290504,0.0398761611753588,"{'modelo__class_weight': None, 'modelo__criterion': 'gini', 'modelo__max_depth': 3, 'modelo__min_samples_leaf': 5, 'modelo__min_samples_split': 10}"
Decision Tree Classifier,classification,GridSearchCV,0.3880821231889083,0.04161840694278138,163,0.39428187938290504,0.0398761611753588,"{'modelo__class_weight': None, 'modelo__criterion': 'gini', 'modelo__max_depth': 3, 'modelo__min_samples_leaf': 5, 'modelo__min_samples_split': 25}"
Decision Tree Classifier,classification,GridSearchCV,0.3880821231889083,0.04161840694278138,163,0.39428187938290504,0.0398761611753588,"{'modelo__class_weight': None, 'modelo__criterion': 'gini', 'modelo__max_depth': 3, 'modelo__min_samples_leaf': 10, 'modelo__min_samples_split': 2}"
Decision Tree Classifier,classification,GridSearchCV,0.3880821231889083,0.04161840694278138,163,0.39428187938290504,0.0398761611753588,"{'modelo__class_weight': None, 'modelo__criterion': 'gini', 'modelo__max_depth': 3, 'modelo__min_samples_leaf': 10, 'modelo__min_samples_split': 10}"
Decision Tree Classifier,classification,GridSearchCV,0.3880821231889083,0.04161840694278138,163,0.39428187938290504,0.0398761611753588,"{'modelo__class_weight': None, 'modelo__criterion': 'gini', 'modelo__max_depth': 3, 'modelo__min_samples_leaf': 10, 'modelo__min_samples_split': 25}"
Decision Tree Classifier,classification,GridSearchCV,0.3880821231889083,0.04161840694278138,163,0.39428187938290504,0.0398761611753588,"{'modelo__class_weight': None, 'modelo__criterion': 'gini', 'modelo__max_depth': 3, 'modelo__min_samples_leaf': 1, 'modelo__min_samples_split': 2}"
Decision Tree Classifier,classification,GridSearchCV,0.3713326623416181,0.013086774595819346,172,0.3746486809729206,0.00602791656714106,"{'modelo__class_weight': None, 'modelo__criterion': 'entropy', 'modelo__max_depth': 3, 'modelo__min_samples_leaf': 10, 'modelo__min_samples_split': 25}"
Decision Tree Classifier,classification,GridSearchCV,0.3713326623416181,0.013086774595819346,172,0.3746486809729206,0.00602791656714106,"{'modelo__class_weight': None, 'modelo__criterion': 'entropy', 'modelo__max_depth': 3, 'modelo__min_samples_leaf': 10, 'modelo__min_samples_split': 10}"
Decision Tree Classifier,classification,GridSearchCV,0.3713326623416181,0.013086774595819346,172,0.3746486809729206,0.00602791656714106,"{'modelo__class_weight': None, 'modelo__criterion': 'entropy', 'modelo__max_depth': 3, 'modelo__min_samples_leaf': 10, 'modelo__min_samples_split': 2}"
Decision Tree Classifier,classification,GridSearchCV,0.3713326623416181,0.013086774595819346,172,0.3746486809729206,0.00602791656714106,"{'modelo__class_weight': None, 'modelo__criterion': 'entropy', 'modelo__max_depth': 3, 'modelo__min_samples_leaf': 5, 'modelo__min_samples_split': 25}"
Decision Tree Classifier,classification,GridSearchCV,0.3713326623416181,0.013086774595819346,172,0.3746486809729206,0.00602791656714106,"{'modelo__class_weight': None, 'modelo__criterion': 'entropy', 'modelo__max_depth': 3, 'modelo__min_samples_leaf': 5, 'modelo__min_samples_split': 10}"
Decision Tree Classifier,classification,GridSearchCV,0.3713326623416181,0.013086774595819346,172,0.3746486809729206,0.00602791656714106,"{'modelo__class_weight': None, 'modelo__criterion': 'entropy', 'modelo__max_depth': 3, 'modelo__min_samples_leaf': 5, 'modelo__min_samples_split': 2}"
Decision Tree Classifier,classification,GridSearchCV,0.3713326623416181,0.013086774595819346,172,0.3746486809729206,0.00602791656714106,"{'modelo__class_weight': None, 'modelo__criterion': 'entropy', 'modelo__max_depth': 3, 'modelo__min_samples_leaf': 1, 'modelo__min_samples_split': 25}"
Decision Tree Classifier,classification,GridSearchCV,0.3713326623416181,0.013086774595819346,172,0.3746486809729206,0.00602791656714106,"{'modelo__class_weight': None, 'modelo__criterion': 'entropy', 'modelo__max_depth': 3, 'modelo__min_samples_leaf': 1, 'modelo__min_samples_split': 2}"
Decision Tree Classifier,classification,GridSearchCV,0.3713326623416181,0.013086774595819346,172,0.3746486809729206,0.00602791656714106,"{'modelo__class_weight': None, 'modelo__criterion': 'entropy', 'modelo__max_depth': 3, 'modelo__min_samples_leaf': 1, 'modelo__min_samples_split': 10}"
Decision Tree Regressor,regression,RandomizedSearchCV,-1.0011921848221934,0.005502666543243973,1,-0.9957861995869693,0.002925196913797779,"{'modelo__min_samples_split': 10, 'modelo__min_samples_leaf': 5, 'modelo__max_depth': 3, 'modelo__criterion': 'squared_error'}"
Decision Tree Regressor,regression,RandomizedSearchCV,-1.0011921848221934,0.005502666543243973,1,-0.9957861995869693,0.002925196913797779,"{'modelo__min_samples_split': 25, 'modelo__min_samples_leaf': 5, 'modelo__max_depth': 3, 'modelo__criterion': 'squared_error'}"
Decision Tree Regressor,regression,RandomizedSearchCV,-1.0087529651770397,0.004872266129624582,3,-0.9887138960807832,0.003975716746257368,"{'modelo__min_samples_split': 25, 'modelo__min_samples_leaf': 5, 'modelo__max_depth': 5, 'modelo__criterion': 'squared_error'}"
Decision Tree Regressor,regression,RandomizedSearchCV,-1.0222616861192446,0.00535344042261851,4,-0.9712186965606393,0.007323707909062958,"{'modelo__min_samples_split': 25, 'modelo__min_samples_leaf': 10, 'modelo__max_depth': 7, 'modelo__criterion': 'squared_error'}"
Decision Tree Regressor,regression,RandomizedSearchCV,-1.0723934739133687,0.009339778607854081,5,-0.9175246516457464,0.010821589994772531,"{'modelo__min_samples_split': 10, 'modelo__min_samples_leaf': 10, 'modelo__max_depth': 10, 'modelo__criterion': 'squared_error'}"
Decision Tree Regressor,regression,RandomizedSearchCV,-1.0724840366171486,0.005884251957302271,6,-0.918569572063165,0.010429164659747405,"{'modelo__min_samples_split': 25, 'modelo__min_samples_leaf': 5, 'modelo__max_depth': 10, 'modelo__criterion': 'squared_error'}"
